abduct,誘拐する,1
abridge,～を要約する、～を短縮する,1
abridged,要約された,1
abruptly,不意に、出し抜けに,1
acclaim,盛んなかっさいを送る,1
accommodate,〜を収容する、〜を宿泊させる,1
accomplished,完成した、既成の、熟練した,1
accounting,会計学、 計算、経理,1
accumulation,蓄積、利殖、蓄財,1
acknowledgement,承認、領収書、感謝のしるし,1
acquisition,獲得、取得物、利得,1
actually,実際に、本当のところは,1
additional,付加的な，追加の,1
address a meeting,会衆にあいさつする,1
addressee,受信人、名あて人,1
administration,管理、運営、経営、統治、行政,1
admit,認める、入れる,1
advance,前進、進める、前進させる、提案する、提示する,1
adverse,逆らう、反対の、不都合な,1
advertising,広告すること、広告,1
advertising effect,広告効果,1
aerospace,航空宇宙、気圏,1
affiliate,加入させる、合併させる,1
affiliated company,傘下企業; 関連会社; 子会社,1
affirmative,確言的な、断定的な,1
afford,余裕がある、差し支えない,1
aftermath,二番刈り、余波、災害などの後の状態,1
agenda,議題、協議事項、議事日程、予定表,1
aggression,侵略、攻撃,1
aging,老齢化、老化、熟成,1
aisle seat,通路側の席,1
alert,～に警告する、警戒している,1
alienate,遠ざける、不和にする,1
allergy,アレルギー,1
allocate,割り当てる、配分する,1
amid,の真ん中に、の真っ最中に,1
analyst,分析者、アナリスト,1
annex,添付する、添付書類、別館,1
annual,年に1度の、例年の、1年の、年々の、毎年の,1
appear,出現する、ように見える、見受けられる,1
appetizer,食欲をそそるもの、前菜,1
applause,拍手かっさい、称賛,1
appliance,器具、装置、設備、電気製品,1
applicant,応募者、志願者,1
appreciate,高く評価する、鑑賞する、感謝する,1
appropriately,適切に、ふさわしく,1
approximately,おおよそ、ほぼ,1
aquatic,水生の、水産の,1
architect,建築家、建築士、設計者、企画者,1
archive,文書記録、記録保管所、文書局,1
aspect,面、様相、顔つき,1
aspiration,熱望、志望,1
assess,を評価する,1
associated company,関連会社,1
assorted,分類した、詰め合わせの、(夫婦などが)釣り合った,1
asylum,避難、亡命、保護,1
attend,出席する、参列する.,1
attire,～を盛装させる、衣装,1
attract,引く、引き込む、引き付ける,1
auditorium,観客席、大講義室,1
austere,厳しい、質素な,1
avert,そむける、そらす,1
avid,貪欲な、熱心な、渇望して,1
backbreaking,ひどく骨の折れる,1
bad debt,貸倒,1
baggage claim,(空港の)手荷物受取所,1
ban,禁止、禁止令、禁止する,1
barter,物々交換する,1
bear,～を産む、～に耐える,1
belittle,(…を)見くびる、けなす,1
benefit,利益、ためになること、幸福につながる便益,1
betrayal,裏切り、背信、密告、内通,1
bid,(値を)つける、入札する,1
bleak,寒い、暗い,1
blow out,吹き消す,1
blunder,失敗をやる、しくじる,1
boost,押し上げ、後援、増大,1
boredom,退屈、倦怠,1
bottom out,海底に達する,1
breathtakingly,あっと言わせるほど,1
bribery,わいろ、贈賄、収賄,1
brochure,パンフレット,1
budget,政府などの予算案、予算、 経費,1
budget constraint,予算制限; 予算制約; 予算制約式,1
budget deficits,財政赤字,1
bulk,大きさ、積み荷、かさばる,1
bulk buying,大量買入れ,1
bulk discount,まとめ割,1
bureaucracy,官僚制,1
burst,破裂する,1
business boom,景気上昇,1
business venture,民間事業,1
by oneself,ひとりだけで,1
by overnight mail,翌日配達郵便で,1
bypass,バイパス、側管,1
candidate,候補者,1
capsize,ひっくり返す、転覆させる,1
cardboard,ボール紙、厚紙,1
carrier,配達人、運送業者、保険会社,1
carry-on luggage,機内持ち込み荷物,1
cater,料理を調達する、提供する、賄う,1
certification,証明、検定、認可,1
certified,保証された、公認の,1
checkup,健康診断、検査,1
chronic,長引く、ひどい,1
circulation,循環、流通、発行部数、売れ行き,1
cite,引用する,1
close the deal,契約を結ぶ、取引きする,1
coastline,海岸線,1
colleague,同僚,1
colossal,巨大な,1
commemorate,記念する、記念式を挙行する、祝する,1
commencement,開始、始まり、初め,1
commend,ほめる、推薦する、ゆだねる,1
commerce,商業、通商、貿易、交際,1
compare,比較する、対照する,1
competence,能力、適性,1
competitive edge,競争力; 競争上の優位性,1
competitive,競争の激しい,1
compliance,応じること、親切,1
complicated,複雑な、入り組んだ,1
component,構成している、成分の、構成物、成分,1
compound interest,複利,1
compulsive,強迫観念にとらわれた、何かにとりつかれたような,1
concern,関係している、重要である、心配させる,1
concourse,集合、合流,1
conduct,行為、経営、指揮する、案内する、行う,1
conference,会議、協議会、委員会,1
confidential,信任の厚い、機密の、打ち解けて,1
confrontation,対立、衝突,1
congestion,密集、過剰、過密、渋滞,1
conglomerate,丸く固まった、集団になった、密集的な,1
connecting flight,結ぶ便、接続便、乗り継ぎ便,1
consequent,結果の、結果として生じる,1
consistent,首尾一貫した、矛盾のない、調和して,1
consumer,消費者,1
contract,契約、協定、契約書,1
contradiction,否定(すること)、否認、反駁(はんばく)、反対、矛盾,1
corporation tax,法人税,1
correspondent,特派員、一致する,1
countenance,顔つき、表情,1
courteous,礼儀正しく思いやりのある、親切な,1
cramp,(筋肉の)けいれん、こむら返り,1
craven,臆病な、臆病者,1
cuisine,料理、料理法,1
culinary,台所の、料理の,1
current,今の、現在の、流通している,1
custody,保護、管理、拘留,1
dairy food,酪農食品,1
dealership,販売権,1
debris,破片、瓦礫,1
decide,決定する、決心する,1
deduction,差し引き、控除、推論、結論,1
defiance,反抗の態度,1
deficit,不足額、不足、赤字,1
defy,反抗する、侮る,1
delay,遅らせる、延ばす,1
delighted,喜んで、楽しそうな,1
delinquent,過失を犯した、非行の,1
delivery note,(商品配達の)受領証,1
delivery terms,引渡条件,1
demand,要求する、要求、需要,1
department,売場、省、部、局,1
departmental,部門(別)の,1
deplete,使い尽くす、枯渇させる,1
deposit,預金する、手付金として支払う、預金,1
designate,指示する、指名する,1
deter,やめさせる、思いとどまらせる、妨げる、阻止する,1
develop,発達させる、開発する,1
dire,恐ろしい、ものすごい、悲惨な,1
discard,捨てる、処分する,1
discreet,分別のある、思慮深い、慎重な,1
discrepancy,矛盾、不一致、食い違い,1
dismissal,解散、退去、解雇、却下,1
disperse,散らす、散乱させる,1
disruption,崩壊、分裂、中断、途絶、混乱,1
distinctive,特色のある、特有の,1
distinguished,すぐれた、著名で、上品な,1
donate,贈与する、寄贈する,1
downsize,小型化する,1
draw on,はめる、はく,1
drawback,欠点、不利益、控除,1
drowsiness,眠気,1
drowsy,眠い、眠気を誘う,1
dubious,疑っている、不審に思っている、疑ぐるような,1
durable,永続性のある、長持ちする、丈夫な,1
durable goods,耐久財,1
economic trend,経済動向; 景気動向,1
electrical grid,電力系統,1
eligible,適格で、望ましくて,1
eliminate,除く、排除する、除外する,1
embarrassing,ばつの悪い、やっかいな,1
enclosure,囲いをすること、封入物,1
encourage,元気づける、促進する,1
enroll,登録する、入学を認める,1
entail,必然的に伴う、必要とする,1
enthusiasm,熱中、熱狂、熱中させるもの,1
enthusiastic,熱烈な、熱中して,1
entity,実在、存在,1
entrepreneur,起業家、事業家,1
enumerate,挙げる、列挙する,1
estate,財産、広大な地所,1
evacuation,撤退、撤兵、避難,1
eventual,結果として起こる、最後の、結局の,1
evoke,呼び起こす、喚起する、引き起こす,1
exceed,超過する、越える,1
except,を除いては、～のほかは、～以外では,1
exceptional,例外的な、異常な、すぐれた,1
exclusive,排他的な、高級な、独占的な,1
executive,経営幹部，役員，経営者、行政上の、実行する、執行する,1
exhibit,を展示する、陳列する、提示する，示す,1
exonerate,開放する、免除する,1
expect,予期する、期待する,1
expedite,はかどらせる、促進させる,1
expertise,専門知識、専門的技術、ノウハウ,1
expire,満了する、終了する、死ぬ,1
explain,説明する、明らかにする,1
exponentially,指数関数的に,1
extinction,消火、鎮火,1
extinguish,消す、失わせる,1
extravagant,浪費する、ぜいたくな,1
fabricate,組み立てて製造する、いろいろな規格部品で作る、偽造する,1
fabulous,伝説上の、信じられないほどの、すばらしい,1
facilitate,容易にする、楽にする、促進する,1
facility,設備、施設、才能,1
faculty,能力、機能、学部,1
fail,失敗する、しそこなう,1
familiar,よく知っている、なじみの、ありふれた、どこにでもある,1
feature,人目を引く特徴、目立った特徴、呼び物,1
fee,料金、謝礼、手数料、入場料,1
figure,図形、形、装飾、数字,1
financial market,金融相場,1
fixed interest rate,固定金利,1
floating interest rate,変動利率,1
flood into,なだれ込む、殺到する,1
fluency,流暢、能弁,1
foot traffic,徒歩で行き来する人々,1
for starters,手始めに,1
former,前の、以前の、前者,1
formulate,明確に述べる、公式化する,1
fossil fuel,化石燃料,1
fragile,壊れやすい、もろい、はかない,1
frequent,たびたびの、頻繁な,1
frugal,倹約な,1
full-scale launch,本格的に展開、本格的に発売開始,1
fume,煙霧、蒸発気、いきれ、発煙,1
further,もっと遠い、さらなる、もっと遠く、さらに,1
generally speaking,一般的に言って、概して,1
get a bite,引きがある,1
go public,株式を公開する、株式会社になる,1
grievance,苦情,1
grievance procedures,苦情処理手続き,1
guidelines,指針、指標,1
habit,習性,1
habitat,生息場所、生息地、生育地,1
hallway,玄関、廊下,1
halt,立ち止まる、停止,1
handle,ハンドル、取っ手、扱う、処理する,1
handling cost,取扱費,1
handout,折りたたみ広告、刷り物、配布資料、施し物,1
head toward,顔を向ける；～の方を向く,1
health insurance benefits,健康保険給付,1
heavy traffic,重交通,1
hectic,興奮した、てんてこまいの、消耗熱の,1
hit a new high,新高値を付ける、最高値を更新する,1
hit a record high,最高記録を打ち立てる,1
hit upon,思い付く,1
humane,人道的な、人情のある、慈愛深い,1
hygiene,衛生、健康法,1
identification,同一であることの確認、身分証明証,1
immunity,免疫、免疫質,1
implement,道具、手段、～を実行する,1
implicit,暗に示された、言わず語らずの、暗黙の,1
impromptu speech,即席演説,1
improve,改良する,1
incidence,発生、入射,1
inclement,(天候が)荒れ模様の,1
include,含む,1
informative,知識を与える、教育的な、有益な,1
infuse,吹き込む、しみ込ませる,1
inherit,受け継ぐ、相続する、遺伝する,1
initiative,率先、主導権,1
inn,小旅館、小ホテル、宿屋,1
innate,生来の、生得の、天賦の、先天的な,1
inquire,尋ねる、調べる、問い合わせる,1
instantly,すぐに、即座に、するとすぐに,1
insurance,保険、保険業,1
integration,統合、完成,1
intermission,休止、まくあい、休憩時間,1
intimacy,親密、親交、親友関係,1
introductory,紹介の、前置きの、序説の、入門的な、予備の,1
inventory,目録、在庫品,1
invest,投資する,1
invite,招待する,1
invoice,送り状、請求書,1
involve,巻き込む、伴う、夢中になる,1
itinerary,旅行計画、旅行記,1
jeopardize,危険にさらす,1
jeopardy,危険,1
job change,転職,1
jobless,失業中の,1
join forces,力を合わせる、協力する、提携する,1
judiciary,司法部,1
justification,正当化,1
justify,正しいとする、正当化する,1
keen,鋭い,1
keep to oneself,人とつき合わない、ひとりぼっちでいる,1
kidney,腎臓,1
knowledge,知識,1
knowledgeable,知識のある,1
late fee,時間外特別料金; 延滞料,1
leading,先導する、すぐれた、主要な,1
legible,読みやすい,1
light meal,軽食,1
liquidate,清算する、弁済する,1
locksmith,錠前師、かぎ屋,1
lose one’s place,職を失う,1
lottery,くじ引き、運,1
luggage,旅行かばん類、手荷物,1
lure,誘惑する、魅惑、ルアー,1
mailroom,郵便室,1
majority stake,株式の過半数,1
make a difference,相違を生じる,1
make a speech,語りかける、語り掛ける,1
make reservations,〈予約する〉・申し込む,1
malfunction,機能不全、故障,1
manufacture,(機械を使った大規模な)製造、製造業、(機械を使って大規模に)製造する,1
mar,ひどく傷つける、そこなう、台なしにする,1
material cost,原材料費; 材料費,1
maternity leave,出産休暇,1
meddle,おせっかいする、干渉する,1
medical benefits,医療給付,1
memorialize,記念式を行なう、記念する,1
mishap,(軽い)事故、災難、不幸な出来事,1
miss,取りそこなう、逃す,1
modification,変更、修正,1
monopolize,独占権を得る,1
moody,むら気な、気分屋の,1
mortality,死ぬべき運命,1
mortgage,抵当、担保、住宅ローン,1
mumble,(口の中で)もぐもぐ言う,1
napkin,ナプキン,1
narrow,狭い,1
narrowing,狭小化,1
noteworthy,注目すべき、顕著な、著しい,1
notice,告知、注目、気がつく,1
notify,通知する,1
novice,初心者、駆け出しの,1
nursery,託児所、養成所,1
obliged,せざるをえなくて、ありがたく思って,1
odds,見込み、可能性、確率,1
offer,差し出す、提供する、申し出る,1
office clerk,事務員,1
onset,襲撃、攻撃、始まり,1
opening time,開店時間、開館時間,1
opt,選ぶ、選択する,1
optimum,最適条件,1
oust,追い出す,1
outdated,旧式の、時代遅れの,1
outlay,支出、経費,1
oval,卵形の、楕円形の,1
overhaul,分解検査する、追いついて追い抜く,1
owe,借りがある、負っている,1
packaging cost,梱包費、こん包費,1
paralegal,パラリーガル、弁護士補助員,1
passenger,乗客、旅客,1
patent,特許、特許品,1
patronage,後援、ひいき、愛顧,1
pay by check,小切手で支払う[買う],1
paycheck,給料小切手,1
pedestrian,歩行者、競歩者,1
peer,同僚、仲間、貴族,1
performance bonus,業績賞与,1
peripheral,周囲の、周辺の,1
persistence,根気のよさ、粘り強さ、しつこさ,1
personal belongings,身回り品,1
personalize,(名前などをつけて)(…を)個人の専有物とする,1
personnel cost,人件費,1
physician,医師、内科医,1
plenty,たくさんの、豊富な、あり余るほどの,1
plumber,配管工、水道業者,1
plush,豪華な、ぜいたくな,1
posture,姿勢、状況、態度,1
pottery,陶器製造、焼き物、窯元,1
pragmatic,実用本位の、実際的な,1
premise,前提、家屋,1
prerequisite,前もって必要な、必修の、欠くことのできない、まず必要となる,1
prescription,処方箋、おきて、法規,1
preservation,保存、維持、保管,1
preservative,保存の、保存力のある、防腐用の,1
prestigious,名声のある,1
presumably,思うに、多分,1
previous,以前の、前の、先の,1
primary balance,基礎的財政収支,1
prime cost,主要費用、素原価,1
procedure,手続き、訴訟手続き、手順,1
proceed,進む，続行する,1
prohibit,禁止する、妨げる,1
project proposal,企画書、事業企画,1
promissory note,約束手形; 約手,1
promote,昇進させる、促進する、助長する,1
proofreader,校正係,1
property,財産、所有物、土地、特性,1
prosecution,起訴、告発,1
prosperous,繁栄する、成功した、好都合の,1
protected trade,保護貿易,1
protocol,(外交上の)儀礼、典礼,1
prototype,原型、試作品、模範,1
provide,提供する、与える、供給する,1
proxy,代理,1
psychiatric,精神医学の、精神病治療法の,1
psychiatrist,精神病医,1
publicity,世間の注目、宣伝、広告,1
pursue,追う、追求する、従事する,1
put a freeze on,凍結する、凍結した状態にする,1
qualification,資格,1
qualify,資格を与える,1
query,質問、疑問、疑問符,1
questionnaire,アンケート,1
quotation,引用文、見積り,1
quote,引用する、見積もる,1
rake,くま手,1
ramble,ぶらぶら歩く、あてもなく歩く,1
ramp,斜道、傾斜路,1
ratify,批准する、裁可する,1
rationale,理論的解釈、理論的根拠,1
recommend,を勧める、奨励する,1
reference,参考、参考文献、証明書,1
refund,払い戻す、返金する、返金,1
regimen,摂生、養生法,1
regulate,取り締まる、統制する、調整する,1
reimburse,～に払い戻す、～に返済する,1
relief,除去、ほっとすること、安心、救援,1
relinquish,やめる、廃する、放棄する,1
reluctance,気が進まないこと、不承不承、不本意,1
remind,思い出させる、気づかせる,1
reminiscent,思い出させて、しのばせて,1
remnant,残り、残余、残物,1
remove,移動させる、取り除く,1
replacement,交換、後継者,1
representative,代表する、描写して、代表者、下院議員,1
reservation,予約,1
reservoir,貯水池、給水所、貯蔵器、水槽,1
responsible,責任がある,1
result,結果、成り行き、結末,1
resume,再び始める、回復する,1
retrieve,回収する、取り戻す,1
revenue,歳入、総収入、税務局,1
review,見直す、よく調べる、批評する,1
runny nose,鼻水の出る鼻,1
seasoned,味つけした、経験豊かな,1
send off,発送する、打つ,1
settle in,(新居に)引っ越して落ち着く,1
severance pay,退職金,1
severe,ひどい、厳しい,1
shipment,船積み、輸送、発送,1
shopper,買い物客、買い物袋、密告者,1
shortage,不足、欠乏,1
showdown,対決,1
skyrocket,打ち上げ花火、急騰する,1
slate,粘板岩、石板、候補者名簿,1
slick,なめらかな、すべすべした,1
souvenir,記念品、みやげ,1
sovereignty,主権、統治権,1
spare,惜しんで使わない、節約する、労を惜しむ,1
sparse,希薄な、まばらな,1
specialty shop,専門店,1
speculate,思索する、推測をする,1
spring up,躍り上がる、踊り上がる、おどり上がる、生う、跳ね上がる,1
stabilize,(…を)固定させる、安定させる,1
stagnant,流れない、よどんでいる、停滞した、不活発な、不景気な,1
standstill,停止、休止、行き詰まり,1
stationary bike,固定式自転車,1
steep decline,急落,1
stoop down,かがむ、こごむ; 前かがみになる,1
stop operations,操業停止,1
store,蓄え、備品、蓄える,1
storeroom,貯蔵室、物置、収納室,1
stow,しまい込む、詰め込む、積む,1
stretch the budget,予算を伸ばす,1
stroll,ぶらつく、散歩する,1
strong yen,円高,1
stunning,気絶させる、すばらしい,1
subsidiary,補足する、助成金の、付属物、子会社,1
substitute,代える、取り替える、代用品、代用の,1
superb,すばらしい、堂々とした、壮麗な,1
superintendent,管理者、長官、部長,1
supervision,監督、管理,1
supplement,補足、付録、補う,1
supply room,備品室,1
surcharge,積みすぎ、過重、追加料金,1
surgical,外科の、整形用の,1
surpass,上回る、超える、まさる,1
surrounding,囲む、周囲の,1
survey,概観する，ざっと眺める、調査する、調査,1
suspicion,容疑、疑い、いぶかり、気づくこと,1
swiftly,迅速に,1
take a message,〈電話で〉言づけを受け取る,1
take one’s place,決められた自分の席に着く,1
take out a loan,ローンを組む,1
take the minutes,議事録をとる,1
tangle,もつれさせる,1
tariff,関税、運賃表、料金表,1
temporary staff,臨時社員,1
terms cash,現金払い,1
thaw,解ける、打ち解ける,1
tidy,きちんとした、整然とした、かなりの,1
time deposit,定期預金,1
timepiece,時計,1
token,しるし、記念品、しるしとなる,1
tolerate,大目に見る、耐性がある,1
toll booth,料金所,1
tourist spot,観光名所,1
trade balance,貿易収支; 貿易尻,1
transfer,移す、転任させる、移転、移動,1
transparency,透明、透明性,1
transparent,透明な、わかりやすい,1
transportation,運送、運賃、輸送機関,1
trash bin,がらくたを収集するまで入れておくもの,1
trial product,試作品,1
trim,刈り込んで整える、手入れする、飾りをつける、調節する,1
tuition,授業、授業料,1
turbulent,荒れ狂う、激しい、乱暴な,1
turnout,出席者、生産高、解雇する,1
typo,誤植,1
unanimous,合意して、満場一致の,1
unconditional,無条件の,1
unearth,発掘する、明るみに出す,1
uniformity,一様、均一、画一、一律,1
unspoiled,昔のまま,1
unwilling,気が進まない、いやいやながらの,1
upcoming,今度の,1
upset,ひっくり返す、うろたえさせる,1
utensil,用具、家庭用品,1
utility bill,公共料金,1
utilization,利用,1
utmost,最大の,1
utterly,すっかり,1
vacant,空っぽの、空いている、使用されていない,1
valid,根拠の確実な、有効な、正当な,1
valuable,高価な、大切な,1
vaporize,蒸発させる、蒸発する,1
vendor,行商人、売り主,1
venue,開催地、予定地、場所,1
verdict,評決、答申,1
verification,確認、証明,1
verify,～が正しいことを確かめる,1
veterinarian,獣医,1
vice,悪、邪悪、売春、(制度などの)不備,1
virtue,徳、美徳、長所,1
vomit,吐く,1
voucher,保証人、クーポン、領収書,1
wage,賃金,1
waive,～(権利や義務など)を放棄する、～(行動)を差し控える、～(問題)を先延ばしする,1
walkway,歩道,1
warehouse,倉庫,1
warning,警告,1
warrant,正当とする、正当な理由、証明書,1
warranty,根拠、正当な理由,1
wastage,廃棄物,1
waterproof,防水の,1
weld,～を溶接する,1
welder,溶接工、溶接機,1
welfare,福祉、福祉事業、生活保護,1
wheelbarrow,手押し一輪車,1
wholesale,卸売り,1
wilderness,荒れ野、だだっ広い場所,1
wildlife,野生生物,1
withstand,抵抗する、逆らう、我慢する,1
work a night shift,夜勤で働く,1
workplace,仕事場,1
workshop,作業場、ワークショップ,1
wring,絞る、ねじる、苦しめる,1
zeal,熱心、熱中、熱意,1
zealous,熱心な、熱狂的な、熱中して,1
zenith,天頂、頂点、絶頂,1
surgeon,外科医,1
surgery,手術,1
be covered with,～でおおわれている,1
be hung on,～にかけられている,1
be loaded with,～が積まれている,1
be next to,～の隣にある,1
be piled up with,〜が積まれている,1
be propped up against,～に立てかけてある,1
be ready to,～する準備ができている,1
cast a shadow,影を落とす,1
gather in,～に集まる,1
gaze at,～を見つめる,1
get on/into,～に乗り込む,1
glance at,ちらりと見る,1
go around,～の周りを進む,1
hand out,～を配る,1
hold up,～を持ち上げる ,1
in a row ,一列に,1
lean on/against,寄りかかる,1
lie on,～に横たわる,1
line up,～を一列に並べる,1
look over,～をざっと見る、～越しに見る,1
mount A on B,AをBに取り付ける,1
pick up,～を拾う,1
point at,～を指す,1
put on,～を着る,1
sail away from,～出港する,1
situate on,～に位置する,1
stack up,～を積み上げる,1
stare at,～を見つめる,1
try on,～を試着する,1
walk on,～を歩いている,1
as usual,いつもどおり,1
ask a favor ,お願いをする,1
be made of,～でできている,1
belong to,～のものです,1
Do you have the time?,今何時ですか？,1
get to,～に着く,1
Great idea.,良いアイディアですね,1
I don’t care,～を気にしません,1
in a hurry,急いでいる ,1
in charge of,～を担当して,1
It was nice meeting you.,あなたにお会いできて光栄です。,1
just in case,万が一のために,1
on duty,職務についている ,1
on exhibit  ,展示されている,1
show up,現れる,1
What caused …?,何が…の原因ですか?,1
What’s the matter with…?,～に何があったのですか?,1
Why don’t you…?,～してはどうですか?,1
as soon as possible,可能な限り速く,1
be about to,～するところです,1
be on vacation,休暇を取っている,1
depart from,(飛行機などが)～から出発する,1
for a while,しばらくの間,1
go over,入念に調べる,1
I wish I could…,そう願いたいものですが(実際は無理なんです),1
I’d like to,～が欲しい/～がしたい,1
I’d rather do,どちらかと言えば～したい,1
I’m afraid,恐れ入りますが,1
I’m lucky to have,～を持てて幸運です,1
If you don’t mind,もしあなたが気にしないのなら,1
Let’s say,例えば…としよう。,1
let’s see,ええと,1
look forward to,～を楽しみにしている,1
move to/into,～に引っ越しする,1
take a break,休憩する,1
That’s right.,その通り,1
There’s no charge,費用はかかりません,1
What if,…したらどうなるだろう、…したってかまうものか,1
you know,あのね/わかります?,1
a number of,多くの,1
as a result of,～の結果,1
be advised to,～するよう推奨される,1
be backed up,渋滞している,1
be marked down,値下げされている,1
be required to do,～するよう求められる ,1
be scheduled for,～が予定されている,1
behind schedule,予定が遅れている,1
call back,かけ直す,1
carry-on luggage,機内持ち込み荷物,1
Don’t miss…,～を見逃さないように ,1
in addition,加えて,1
in advance,あらかじめ,1
Let me know,教えて下さい,1
make an appointment,予約を取る ,1
make sure,～を確かめる,1
"May I have your attention, please?",お知らせいたします,1
on behalf of,～を代表して,1
on sale,発売中、セール中,1
on time,時間通りに,1
refrain from,～するのを控える,1
take advantage of ,〜を利用する,1
take place,行われる,1
Thank you for your cooperation.,ご協力感謝します,1
turn off,電源を切る,1
weather forecast ,天気予報,1
according to,～によると,1
adhere to ,～に付着する、～(規則・計画)に従う,1
allow X to do,Xが～するのを許す,1
as soon as,～するとすぐに,1
attempt to,～しようと試みる,1
be available to ,～が利用できる,1
be content with,～に満足している,1
be devoted to,～に専念している,1
be eligible for  ,～の資格がある,1
compensate for,～を補償する,1
compete with ,～と競争する ,1
due to,～のために,1
either A or B,AとBのどちらか,1
enable X to do,Xが～できるようにする ,1
even though,～にもかかわらず,1
excel in,～で優れている,1
except for,～を除いて,1
exchange A for B,AとBと交換する ,1
in spite of  ,～にもかかわらず,1
instead of ,～の代わりに,1
neither A nor B,AとBのどちらでもない,1
one another,互いに,1
participate in,～に参加する,1
regardless of,～にかかわらず,1
so that,その結果,1
with regard to,～に関して,1
apologize for,～を謝罪する,1
approve of,～をいいと思う、～に賛同する,1
approve,～を承認する,1
as per,～の通りに,1
Attached is…,～が添付されています,1
be irrelevant to,～と無関係である,1
be likely to do,～しそうにある,1
Best regards,よろしくお願いします(Eメールの結びの挨拶) ,1
bring about,～をもたらす,1
conduct a survey,アンケート調査を取る,1
do not hesitate to do,お気軽に～してください,1
far from,～には程遠い,1
feel free to do,お気軽に～してください,1
fill in,(空白などを)埋める,1
fill out,(空白などを)埋める,1
for your convenience,あなたの便宜のために、ご都合のよいように,1
hand over,手渡す,1
in an attempt to do,～しようとして,1
in case that,～の場合には ,1
in response to,～への返事として,1
make use of,～を活用する ,1
Many thanks for…,～に対して感謝の意を表します,1
now and then ,時々,1
on purpose,わざと,1
on the other hand,その一方で,1
once in a while,たまに,1
put out,発行する,1
responsible for ,～に責任がある,1
rule out,～を除外する,1
so far,今までのところ,1
sooner or later,遅かれ早かれ,1
above all,とりわけ,1
aside from,～のほかに,1
be assigned to,～に任命される ,1
be aware,気がつく ,1
be closest in meaning to,～は意味において最も近い,1
be concerned about, ～を心配している,1
be delighted to do ,～できて嬉しく思う,1
be eager to do ,～することを熱望する,1
be encouraged to ,〜することを推奨される,1
be expected to ,〜することを期待される,1
be interested in,～に興味がある,1
be promoted ,昇進する ,1
be valid for,～日間有効です,1
bound for,～行きの,1
carry out,実行する,1
contribute to  ,～に貢献する ,1
distinguish A from B,AとBを区別する,1
expiration date,有効期限,1
fluent in,～に堪能で,1
for instance,例えば,1
for the sake of  ,～のために,1
in person,直接,1
job interview,(就職の)面接,1
keep in touch,連絡を取り合う,1
make up for,～の埋め合わせをする,1
out of stock,在庫切れで,1
real estate,不動産,1
substitute A for B,AをBの代わりにする,1
for the purpose of,～の目的で,1
to some extent,ある程度,1
settle,～を決める、～を解決する、～を定住させる、～を(動かないように)置く,1
regard A as B,AをBとみなす,1
come up with,～を思いつく,1
In light of,～を考慮すると,1
pick A up,Aを車で迎えに行く,1
give A a ride(lift),Aを車に乗せてあげる,1
figure out,～を理解する、解決する,1
pass out,～を渡す、～を配る,1
count on,〜を頼りにする,1
call for,～を求めて叫ぶ、～を要求する,1
make it,何とか間に合う、何とかうまく行く,1
make do with,～で間に合わせる,1
in the meantime,その一方で、その間,1
now that,今や～だから,1
as of (日付),～の時点で、～現在,1
as follows,以下の通りに,1
owing to,～が原因で,1
up front,前払いの、前払いで,1
up to,最大～まで,1
quite a few,沢山の,1
out of order,故障中で,1
apply to,～に問い合わせる,1
set aside,～を脇に置く、～を蓄えておく,1
set out,出発する,1
give out,～を配る,1
get down to,(仕事など)に本腰を入れて取り掛かる,1
pass up,(招待など)を辞退する、(機会など)を逃す,1
packed with,〜でいっぱいの,1
straighten out,～を解決する,1
give rise to,～を起こす,1
fill in for,～の代理を務める,1
around the clock,24時間続けて,1
at right angles,直角に,1
dispose of,～を処分する,1
take over,(事業など)を引き継ぐ,1
deal in,(商品)を取り扱う,1
apparently,一見したところ、どうやら～らしい,1
appeal,歎願、要求,1
largely,主として,1
cautious,慎重な,1
push for,～を得ようと努める、～を強く要求する,1
live up to,(主義など)に従って行動する、(期待・責任などに)応える、～と同じくらいい,1
turn up,現れる,1
pull off,～を成し遂げる、～に成功する、,1
discretion,思慮深さ、慎重さ、裁量,1
across-the-board,全体的な、一律の,1
all along,初めからずっと,1
as a matter of fact,実を言うと、実のところ,1
as is,現状のままで、そのままで,1
as things stand,現状では、現在の状況では,1
go bust,倒産する,1
at the end of the day,結局は、最終的には,1
back on track,(失敗などを経て)再び軌道に乗って、正しい方向に戻って,1
be tied up,手が離せない、とても忙しい,1
cut corners,手抜きをする,1
accuse A of B,AをBのことで告発する、批難する,1
done deal,決まったこと、確定事項,1
fine print,(契約書などの)細則,1
from scratch,最初から、ゼロから,1
get the hang of,～のコツをつかむ,1
give way to,～に取って代わられる、～に道を譲る,1
go the extra mile,一層の努力をする,1
green light,ゴーサイン、承認,1
in due course,そのうち、やがて,1
in the market for,～を購入したがって、求めて,1
just around the corner,(距離的に・時間的に)すぐ近くに,1
abreast,並んで,1
keep abreast of,(時勢などに)遅れずについていく,1
last resort,最後の手段,1
layoff,一時的解雇,1
let alone,[否定文+カンマに続けて]まして～などできない,1
violation,違反、冒涜、強姦,1
look the other way,(問題・悪事などを)見て見ぬふりをする,1
lose sight of,(事実・目標など)を見失う、忘れる,1
make ends meet,収支を合わせる、収入の範囲でやっていく,1
meet ～ halfway,(人)に妥協する,1
on the same page,(複数の人が)同じ考えで、大筋で合意して,1
set forth,(意見・条件など)を説明する、述べる,1
televise,～をテレビで放映する,1
forth,前へ、以降,1
set the pace,(産業・技術などで)先導役となる,1
stay on top of,(最新のニュース・出来事など)を把握しておく、(仕事など)をうまく処理する,1
current events,時事問題,1
take for granted,～ということを当然だと思う,1
think outside the box,型にはまらない考え方をする,1
up in the air,(計画などが)未決定で,1
up to speed,最新情報をよく把握して,1
wear and tear,(通常使用による)損傷、劣化,1
word of mouth,口コミ,1
a host of,多数の,1
unforeseen,思いがけない,1
anything but,～どころではない、決して～ではない、≒ not,1
at a moment’s notice,すぐに、即刻,1
at length,長々と、詳細に,1
fiscal,会計の、財政の,1
reform,改革,1
at the cost of,～を犠牲にして,1
at the last minute,直前に、土壇場になって,1
postpone,～を延期する,1
by and large,全般的に、概して,1
by way of,～を経由して,1
call it a day,(仕事を)切り上げる,1
either way,どちらにしても,1
first thing,朝一に、まず第一に,1
for the time being,当分の間,1
small talk,雑談,1
go into effect,(法律などが)実施される,1
in line for,(昇進・昇給などを)受けるだろう,1
in line with,～と一致して、調和して,1
stock price,株価,1
in question,問題の、疑わしい,1
election,選挙、選出,1
in the event of,～の場合には,1
keep A posted,Aに最新情報を伝える,1
keep track of,～の動向を把握する,1
make one’s way,進む、出世する,1
make up one’s mind,決心する,1
no doubt,間違いなく、きっと,1
no later than,遅くとも～までに,1
application,申請,1
not to mention,～は言うまでもなく,1
reputation,評判,1
on account of,～のために、～の理由で,1
ill health,健康不良,1
on the contrary,それどころか、逆に,1
on the line,(命・地位・名声などが)危険にさらされて、(人が)通話中で,1
on the right track,正しい方向に向かって,1
pros and cons,賛否両論、良い点と悪い点,1
conventional,従来の、因習的な,1
put ～ to good use,(物・お金・能力など)を有効に使う,1
It slipped my mind.,うっかり忘れていました。,1
take a rain check,(約束・招待などを)またの機会にする、延期する,1
take A into account,～を考慮する,1
take A into consideration,～を考慮する,1
to date,現在のところ、今までに,1
with respect to,～に関しては,1
at a later date,後日,1
at short notice,十分な予告なしに、直前になって,1
at this point,現時点では、この時点では,1
at times,時々,1
bear in mind,(～を)心に留めておく、覚えておく,1
before long,間もなく、やがて,1
by means of,～を用いて、～によって,1
by no means,決して～ない,1
go broke,(会社・人などが)破産する,1
in a row,連続して,1
in favor of,～を支持して,1
go ahead,(予定通りに)行われる、開催される,1
retailer,小売り業者,1
in the black,(金銭的に)黒字で,1
in the red,(金銭的に)赤字で,1
ahead of schedule,予定より早く,1
climate,気候、風土,1
at once,すぐに、同時に,1
at the moment,今のところ、ちょうど今,1
every other day,一日おき、二日に一回,1
get rid of,～を捨てる、処分する,1
committee,委員会,1
have yet to do,まだ～していない,1
on the table,(企画・提案などが)審議中で、検討中で,1
out of business,(企業が)倒産して,1
right away,すぐに,1
secretary,秘書,1
take part in,(イベント・大会・議論など)に参加する,1
predecessor,(仕事などでの)前任者,1
respondent,(調査・アンケートなどの)回答者,1
finding,(研究・調査などの)結果,1
specification,(製品などの)仕様。規格,1
subordinate,部下,1
downturn,(景気・売上などの)下降、落ち込み,1
apparatus,器具、装置,1
discontinue,～の製造を中止する。(活動など)を中止する,1
finalize,(デザインなど)を最終決定する、仕上げる,1
deal,扱う、取引する、取引,1
allot,～を(人など)に割り当てる、配分する,1
embark,(新しい事業など)に乗り出す、(船・航空機)に乗り込む,1
abolish,(法律・制度など)を廃止する,1
curb,～を抑制する、～を制限する,1
deteriorate,(状況・健康などが)悪化する,1
overview,概要、要約,1
quota,(生産・輸出入などの)割り当て量、(販売などの)ノルマ,1
turn down,～を断る,1
flaw,欠陥,1
coincidence,同時発生、偶然の一致,1
by coincidence,偶然に,1
premiere,(映画の)初上映会、(演劇などの)初演,1
premier,首相、一位の,1
premium,高級な、特別賞与、保険料,1
rebate,(税金などの)払い戻し、(商品購入時の)キャッシュバック,1
vicinity,付近、近辺,1
ample,広大な、たっぷりの,1
expense account,接待交際費,1
overpass,高架橋、陸橋,1
railroad track,線路,1
ongoing,(調査・交渉・状況などが)進行中の、継続している,1
complimentary,(飲食物などが)無料の、(チケットが)招待の,1
preceding,(時間的に)先行する、前の、(空間的に)前の,1
mandatory,義務的な、強制的な,1
dedicated,打ち込んでいる、専念している,1
void,空間、空の、無効の,1
argue,～を議論する、～を主張する,1
straightforward,わかりやすい、単純な、率直な、単刀直入な,1
adjacent,隣接した、隣の、付近の,1
convention,大会、会議,1
indispensable,不可欠な、絶対必要な,1
dispense,～を分配する、～を施行する,1
dispense with,～なしで済ます、～を省く,1
binding,(法的に)拘束力のある,1
net,(金額・利益などが)正味の,1
net profit,純利益,1
cleric,聖職者,1
clerical,聖職者の、事務員の,1
adjoining,(建物などが)隣接した、隣り合わせの,1
diverse,多様な,1
workforce,全従業員、総労働力,1
municipal,地方自治体の、市営の,1
renowned,高名な、有名な,1
luxurious,豪華な、ぜいたくな,1
hazardous,有害な、(職業・活動などが)危険な,1
devastating,壊滅的な、破壊的な,1
pharmaceutical,製薬の,1
courtesy,(送迎バスなどが)無料の、サービスの,1
invaluable,非常に貴重な、かけがえのない,1
prolonged,長引いた、長期の,1
provisional,暫定的な(ざんていてきな)、臨時の。(契約などが)仮の,1
intact,損なわれていない、完全なままの,1
legitimate,正当な、合法の,1
obligatory,義務付けられた、必修の,1
shrewd,やり手の、鋭い,1
pharmacy,薬局,1
compliment,誉め言葉,1
installment,分割払いの1回分,1
merger,合併、合同,1
morale,(集団・チームどの)士気,1
recipient,受取人、受賞者,1
welfare recipient,生活保護受給者,1
apprentice,(職人などの)見習い,1
electrician,電気技師,1
freight,運送貨物、貨物運送,1
setback,妨げ、挫折,1
a succession of,連続の,1
amenity,(ホテル・アパートなどの)設備、施設,1
existing,現在の、既存の,1
concise,(文章・説明などが)簡潔な,1
successive,連続する,1
administrative,管理の、運営の。行政の,1
metropolitan,主要都市の、大都市の,1
intensive,(講義・治療などが)(短期)集中的な、激しい,1
furnished,家具付きの,1
debtor,債務者、借り主,1
duration,継続期間,1
outskirts,郊外、町外れ,1
autobiography,自叙伝,1
biography,伝記,1
courtyard,(建物・壁などで囲まれた)中庭,1
logistics,物流。(複雑な)事業の計画,1
vocation,天職、職業,1
fraud,詐欺、虚偽行為,1
curator,(博物館・美術館などの)館長、学芸員,1
standpoint,観点、見地,1
fluctuation,(物価・為替相場などの)変動,1
creditor,債権者、貸し主,1
detour,遠回り、回り道,1
freeway,高速道路,1
subcontractor,下請け業者,1
comply,[with]～に従う、～に応じる,1
be fined,罰金が科せられた,1
incorporate,～を組み入れる、(事業など)を法人組織にする,1
reinforce,～を強固にする、～を補強する,1
plunge,(株価・気温などが)急落する,1
prolong,(期間など)を延長する,1
penalize,(違反者)に罰を与える,1
revoke,(許可・免許・契約など)を取り消す、無効にする,1
mishandle,(問題・状況など)の対処を誤る、(物)を乱暴に扱う,1
classified,分類された、機密扱いの,1
forthcoming,来たるべき、今度の,1
neighboring,近隣の,1
prevalent,普及している、広まっている,1
consecutive,連続した,1
affluent,裕福な,1
neighborhood,近隣、地域,1
cordial,温かい、友好的な,1
transit,輸送、乗り継ぎ,1
startup,新興企業,1
testimonial,推薦状、証言,1
boulevard,大通り,1
flagship,旗艦,1
flagship store,本店,1
transplant,移植、～を移植する,1
submission,提出、提出物,1
consensus,意見の一致,1
vent,通気口,1
ventilation,換気、風通し,1
usher,案内係,1
podium,演壇、表彰台,1
sewage,下水,1
incur,(負債・費用・損害など)を負う,1
oversee,～を監督する、～を監視する,1
disregard,(通知・指示・規則などを)無視する,1
halve,半分に減る、～を半分にする,1
subsidize,～に補助金を支給する,1
withhold,～を与えないでおく、～を考慮する,1
shareholder,株主,1
treasurer,会計係,1
head-on,正面の、まっこうからの,1
gymnasium,体育館,1
heritage,(文化的な)遺産,1
World Heritage Site,世界遺産,1
pollutant,汚染物質,1
inclusive of,～を含む、～込みで,1
lengthy,とても長い、長ったらしい,1
compromise,妥協、妥協する,1
notable,注目に値する、顕著な,1
disposable,使い捨ての,1
compatible,[with]～と互換性のある,1
quarterly,年4回の、四半期ごとの,1
preventive,予防の,1
advisory,[形]助言をする、諮問の,1
statistical,統計の,1
resignation,辞任,1
resign,辞任する,1
periodic,周期的な、定期的な,1
integral,不可欠な,1
hands-on,実地の、実践の,1
exemption,(義務などの)免除。(課税などの)控除,1
power outage,停電,1
runway,滑走路,1
semester,(2学期制度の)1学期,1
teller,(銀行の)窓口係,1
misuse,悪用、誤用,1
fad,(一時的な)流行,1
janitor,(学校・アパートなどの)管理人、用務員,1
thrive,(事業・産業などが)繁栄する,1
divert,～を迂回させる、～を流用する,1
endorse,～を支持する、～を推奨する,1
crate,木箱,1
hinder,～を妨げる,1
driven,やる気満々の,1
jargon,専門用語、わけのわからない言葉,1
sturdy,丈夫な,1
picturesque,絵のように美しい,1
exquisite,非常に素晴らしい,1
mural,壁の、壁画,1
skeptical,疑いを抱いている,1
exempt,免除された,1
stranded,立ち往生した、取り残された,1
subsequently,その後,1
ultimately,最終的に、結局,1
immensely,広大に、非常に,1
immense,広大な,1
nonetheless,それにもかかわらず、それでもなお,1
simultaneously,同時に,1
beforehand,事前に,1
advocate,～を支持する、～を主張する,1
integrate,～を統合する,1
aspire to,～を熱望する,1
alleviate,(苦痛・問題など)を緩和する、軽減する,1
poverty,貧困,1
underestimate,～を少なく見積もる,1
semiconductor,半導体,1
standardize,～を規格化する、～を統一する,1
negligence,怠慢、不注意,1
bookkeeping,簿記,1
slump,急落、不況,1
precaution,予防策、用心,1
tailor,仕立て屋、[A to B]Bに合わせてAを用意する,1
complement,～を補完する、～を引き立てる,1
rave,～を絶賛する,1
revert,元の状態に戻る,1
recur,繰り返し起こる、再発する,1
subtract A from B,BからAを引く,1
gross,全体の、粗-、総-,1
improvise,～を即席で行う、～を即席で作る,1
directory,名簿、電話帳,1
lighthouse,灯台,1
mileage,走行距離、燃費,1
billboard,広告板,1
buyout,(会社の)買収、株の買い占め,1
soar,急上昇する,1
livelihood,生計,1
takeover,引継ぎ、(会社などの)買収、乗っ取り,1
detergent,洗剤,1
committed,専心して,1
dependable,頼りになる,1
be reliant on,～に頼っている、～に依存している,1
be hesitant to do,～することをためらう,1
take a day off,休みを取る,1
graduate school,大学院,1
bulletin,掲示,1
division,区分、事業部門,1
additive,付加的な、添加物,1
tend to do,～する傾向がある,1
leverage,てこの力、影響力,1
lump,塊、角砂糖1個,1
sever,(関係など)を断つ,1
diplomatic,外交の,1
mow,～を刈る,1
lawn,芝生,1
expel,～を退学させる、～を除籍する,1
obstruct,～をふさぐ、～を妨げる,1
inflate,～を膨らませる、～をつり上げる,1
enact,(法律)を制定する,1
misplace,(物)を置き忘れる、なくす,1
clinch,(議論・取引など)に決着をつける。(勝利など)を勝ち取る,1
outlook,(将来の)見通し、見方,1
extension,内線、延長,1
turnover,総売上高、離職率,1
compensation,報酬、補償金,1
undertake,～を引き受ける、～に着手する,1
commute,通勤する,1
fundamental,基本的な,1
harsh,(批判などが)厳しい,1
astonishing,驚くべき,1
diligent,勤勉な,1
instrumental,楽器、[形]重要な役割を果たす,1
outbound,[形](飛行機などが)出発する,1
merchandise,商品,1
commodity,商品、生活必需品,1
fertilizer,肥料,1
distributor,流通業者、販売代理店,1
remainder,残り,1
comprehension,理解、理解力、包含、包容力,1
consumer electronics,家電,1
revise,～を改訂する、～を修正する,1
accommodation,宿泊施設,1
capability,能力,1
specialty,専門、名物,1
memorandum,メモ,1
pharmacist,薬剤師,1
sales representative,営業担当者,1
crucial,非常に重大な、不可欠な,1
bankrupt,破産した、倒産した,1
the press,新聞紙上,1
residential neighborhood,住宅街,1
cease,～を中止する、～を停止する,1
compel,[A to do]Aに強制的に～させる,1
entitle,[A to B]BにAの権利を与える,1
comprise,～から成る,1
conform,[to]～に従う、準拠する,1
immigration,移住、入国許可,1
receptionist,受付係,1
aptitude,才能、適性,1
banquet,宴会,1
hospitality,もてなし、歓待,1
liable,法的責任がある,1
novel,目新しい、斬新な,1
prominent,著名な、目立つ,1
adequate,十分な,1
voluntary,自発的な、任意の、無償の,1
competent,能力のある、有能な,1
adopt,～を採用する,1
mutual,相互の,1
stall,露店,1
allowance,手当、小遣い,1
dividend,配当,1
gratitude,感謝,1
subsidy,補助金,1
overhead,諸経費,1
attorney,代理人、弁護士,1
founder,創業者,1
interpreter,通訳者,1
arrange,～を手配する,1
tenant,賃借人,1
obstacle,障害,1
acquaintance,知り合い,1
conservation,(生物などの)保護、(資源などの)節約,1
buy A on impulse,Aを衝動買いする,1
considerable,かなりの,1
ethic,倫理、道徳,1
revision,改訂、修正,1
successor,後継者、後任者,1
coverage,報道、範囲,1
proceeding,一連の出来事、訴訟手続き,1
manuscript,原稿,1
remittance,送金,1
monetary,金融の,1
comparable,比較できる、類似の、匹敵する,1
be accustomed to,～に慣れている,1
gloomy,暗い、希望のない,1
defect,欠点、欠陥,1
worthwhile,価値のある,1
inbound,[形](飛行機・船などが)到着する,1
tedious,退屈な,1
newsletter,会報,1
spokesperson,代弁者,1
booklet,小冊子,1
buffet,ビュッフェ,1
diagnosis,診断,1
leaflet,チラシ,1
publication,出版、出版物,1
diploma,卒業証書,1
editorial,社説,1
excursion,小旅行、遠足,1
dispatch,～を送る、～を派遣する,1
specify,～を明確に述べる,1
state-of-the-art,最先端の,1
reassure,～を安心させる,1
detach,～を取り外す,1
tardy,遅い、遅刻した,1
librarian,司書,1
distraction,気を散らすもの、気晴らし,1
council,会議,1
councilor,(市議会)議員,1
school of education,教育学部,1
dean,学部長,1
coincident,[形]同時に起こる、一致した,1
simultaneous,[形]同時に起こる,1
obligation,義務、恩義,1
significantly,非常に,1
reasonably,まあまあ、合理的に,1
typically,たいてい、典型的に,1
shipping,発送、輸送,1
rural,田舎の,1
sufficient,十分な,1
contractor,請負業者,1
private,私的な、民間の,1
intersection,交差点,1
intersect,交差する、～を横切る,1
commuter,通勤者,1
stressed-out,ストレス疲れした,1
expenditure,支出、経費,1
automotive,自動車の,1
faulty,欠陥のある,1
spacious,広々とした,1
optimistic,楽観的な,1
payable,支払わべるべき、支払い可能な,1
inefficient,効率の悪い,1
efficient,効率的な,1
proficient,熟練した、堪能な,1
conserve,～を保護する、～を節約して使う,1
amend,～を改正する,1
demolish,～を取り壊す,1
consolidate,～を一つにまとめる、～を合併する、～を固める,1
condominium,分譲マンション,1
breakdown,故障、決裂,1
greenhouse gas,温室効果ガス,1
lawsuit,訴訟,1
file a lawsuit,訴訟を起こす,1
copyright infringement,著作権侵害,1
luncheon,昼食会,1
thrilled,ワクワクしている、ゾクゾクしている,1
rigid,厳格な,1
defective,欠陥がある,1
foremost,最高位の,1
negligent,怠慢な、不注意な,1
developed,先進の、発達した,1
legislation,立法、法律,1
pending,未解決の,1
attribute,[A to B]Aの原因がBにあると考える,1
procure,～を苦労して調達する,1
coincide,[with]～と同時に起こる、～と一致する,1
safeguard,～を保護する,1
intensify,激化する、強くなる,1
emigrate,移住する(元の国からの視点),1
extent,範囲、程度,1
headquarters,本社,1
overtime,残業,1
personnel,社員、人事課,1
secondhand,中古の,1
thorough,徹底的な、完全な,1
urgent,緊急の,1
modest,謙虚な、あまり大きくない,1
punctual,時間を守る、予定時間通りの,1
substantial,かなりの,1
outcome,結果、成果,1
withdraw,～を回収する、～を取り消す,1
undergo,～を受ける、～を耐える,1
occupation,職業,1
cargo,積み荷,1
household,世帯、一家,1
pension,年金,1
reap,～を収穫する,1
burden,負担,1
bill,法案,1
code,規約,1
commission,歩合給、手数料,1
prospect,見込み,1
postage,郵便料金,1
admission,入会,1
crop,作物、収穫量,1
circumstance,事情、状況,1
anticipate,～を予想する、～を期待する,1
dismiss,～を解雇する、～を却下する,1
outlet,小売店、コンセント,1
accountant,会計士,1
lease,賃貸借契約,1
recession,不景気,1
breach,違反,1
minister,大臣,1
asset,資産、財産,1
deputy,代理人,1
garment,衣服,1
refreshment,軽い飲食物,1
transaction,取引,1
spectator,観客,1
dimension,寸法、(状況などの)側面,1
guarantee,～を保証する,1
inspect,～を検査する、～を視察する,1
ministry,省,1
affair,仕事、こと,1
grocery,食料雑貨,1
suburb,郊外,1
compulsory,強制的な,1
confront,～に直面する、～に立ち向かう,1
retain,～を保つ,1
stimulate,～を刺激する,1
cope,[with]～にうまく対処する,1
convince,(人)を納得させる,1
adapt,[A for B]AをBに適用させる、合わせる,1
overlook,～を見落とす、～を見渡す,1
devise,～を発明する、～を考案する,1
sue,～を告訴する,1
prompt,迅速な,1
fascinating,興味深い、面白い,1
extensive,広い,1
inevitable,避けられない、必然の,1
postal,郵便の,1
artificial,人工の,1
comprehensive,包括的な、理解力のある,1
noticeable,注目すべき、目立つ,1
enforce,～を施行する、～を守らせる,1
engage,[in]～に従事する,1
convert,～を変える、転換する,1
devote,[A to B]AをBに捧げる、注ぐ,1
contradict,～と矛盾する,1
flourish,繁栄する,1
correspondence,一致、通信文,1
embassy,大使館,1
loyalty,忠誠,1
dispute,論争する、論争,1
controversial,賛否両論の,1
abundant,大量の,1
detect,～を検知する,1
repay,～を返済する,1
assert,～を断言する,1
nutrition,栄養,1
assembly,議会、全校集会,1
depression,不景気,1
fatigue,疲労,1
handy,便利な,1
moderate,適度な,1
deliberate,故意の、慎重な,1
scarce,不足している,1
reckless,向こう見ずな、無謀な,1
pressing,緊急の、差し迫った,1
acute,深刻な,1
costly,[形]費用が掛かる、高額な,1
prudent,慎重な、分別のある,1
readily,容易に,1
nutritious,栄養ある,1
overdue,期限を過ぎた,1
ambiguous,あいまいな,1
agreeable,合意できる、心地よい,1
sidewalk,歩道,1
outing,遠足、行楽,1
foresight,洞察力、先見の明,1
profile,～の紹介をする,1
embrace,～を抱擁する、～を喜んで受け入れる,1
strive,[to do]～しようと努める,1
overwhelm,～を圧倒する,1
in single file,一列で,1
side by side,並んで,1
Hand in hand,手をつないで,1
back to back,背中合わせで,1
a stack of,山積みの(綺麗に積まれている場合に使う),1
a pile of,山積みの(雑に積まれている場合に使う),1
wishful thinking,希望的観測,1
second,～を駐在させる,1
put off,～を延期させる,1
push back,～を延期させる,1
scrutinize,～を精査する,1
permanent worker,正規社員,1
consist,[of]～から成る,1
in accordance with,～に従って,1
turn around,～を好転させる,1
touch base with,～と連絡を取り合う,1
